,id,age,trestbps,chol,thalch,oldpeak,ca,num
id,1.0,0.23930102294264097,0.05292366603091618,-0.3769357390726546,-0.46642746652035943,0.04993017119850112,0.06143346396813326,0.27355186699472844
age,0.23930102294264097,1.0,0.24425250739362542,-0.08623436708148698,-0.3657782096052741,0.2582429297187727,0.3704162312063553,0.3395955928344368
trestbps,0.05292366603091618,0.24425250739362542,1.0,0.09285323339981745,-0.10489866752388484,0.16190837662653557,0.09370452172797344,0.12229082931453815
chol,-0.3769357390726546,-0.08623436708148698,0.09285323339981745,1.0,0.23612064390555482,0.04773406042574918,0.05160588846601518,-0.23154714970514442
thalch,-0.46642746652035943,-0.3657782096052741,-0.10489866752388484,0.23612064390555482,1.0,-0.15117415428239547,-0.26409406896753085,-0.3662653994442532
oldpeak,0.04993017119850112,0.2582429297187727,0.16190837662653557,0.04773406042574918,-0.15117415428239547,1.0,0.2818165761201971,0.44308409748437905
ca,0.06143346396813326,0.3704162312063553,0.09370452172797344,0.05160588846601518,-0.26409406896753085,0.2818165761201971,1.0,0.5162163234345344
num,0.27355186699472844,0.3395955928344368,0.12229082931453815,-0.23154714970514442,-0.3662653994442532,0.44308409748437905,0.5162163234345344,1.0
